tool_name,vendor,category,plan_name,billing_period,price_amount,price_currency,price_notes,usage_limit_value,usage_limit_unit,usage_limit_notes,cost_per_unit,cost_per_unit_basis,free_tier,source_url,source_type,verified_date,verified_by,status,maintainer_affiliate,notes
ElevenLabs,ElevenLabs,voice generation,Free,monthly,0,USD,,10000,credits,"Per month, as shown on the Creative plans tab.",,,yes,https://elevenlabs.io/pricing,pricing_page,2026-09-24,ai-assisted,verified,yes,"Creative plans tab (not the Agents or API tabs). Commercial license is listed from Starter upward, not on Free."
ElevenLabs,ElevenLabs,voice generation,Starter,monthly,6,USD,,30000,credits,"Per month, as shown on the Creative plans tab.",0.0002,"price_amount / usage_limit_value (cost per credit, plan price only)",no,https://elevenlabs.io/pricing,pricing_page,2026-09-24,ai-assisted,verified,yes,"Credits are the vendor unit; how much audio one credit buys depends on the model and feature, so no cost per minute is calculated. Prices exclude taxes per the page."
ElevenLabs,ElevenLabs,voice generation,Starter,annual,5,USD,"Monthly equivalent shown when yearly billing is selected; the page labels it ""2 months free"". The annual total is not stated on the page.",30000,credits,"Per month, as shown on the Creative plans tab.",0.000167,"price_amount / usage_limit_value (cost per credit, plan price only)",no,https://elevenlabs.io/pricing,pricing_page,2026-09-24,ai-assisted,verified,yes,"Credits are the vendor unit; how much audio one credit buys depends on the model and feature, so no cost per minute is calculated. Prices exclude taxes per the page."
ElevenLabs,ElevenLabs,voice generation,Creator,monthly,22,USD,Page also shows a first-month 50% promotional price of 11; the recurring price is 22.,121000,credits,"Per month, as shown on the Creative plans tab.",0.000182,"price_amount / usage_limit_value (cost per credit, plan price only)",no,https://elevenlabs.io/pricing,pricing_page,2026-09-24,ai-assisted,verified,yes,"Credits are the vendor unit; how much audio one credit buys depends on the model and feature, so no cost per minute is calculated. Prices exclude taxes per the page."
ElevenLabs,ElevenLabs,voice generation,Creator,annual,18.33,USD,"Monthly equivalent shown when yearly billing is selected; the page labels it ""2 months free"". The annual total is not stated on the page.",121000,credits,"Per month, as shown on the Creative plans tab.",0.000151,"price_amount / usage_limit_value (cost per credit, plan price only)",no,https://elevenlabs.io/pricing,pricing_page,2026-09-24,ai-assisted,verified,yes,"Credits are the vendor unit; how much audio one credit buys depends on the model and feature, so no cost per minute is calculated. Prices exclude taxes per the page."
ElevenLabs,ElevenLabs,voice generation,Pro,monthly,99,USD,,600000,credits,"Per month, as shown on the Creative plans tab.",0.000165,"price_amount / usage_limit_value (cost per credit, plan price only)",no,https://elevenlabs.io/pricing,pricing_page,2026-09-24,ai-assisted,verified,yes,"Credits are the vendor unit; how much audio one credit buys depends on the model and feature, so no cost per minute is calculated. Prices exclude taxes per the page."
ElevenLabs,ElevenLabs,voice generation,Pro,annual,82.5,USD,"Monthly equivalent shown when yearly billing is selected; the page labels it ""2 months free"". The annual total is not stated on the page.",600000,credits,"Per month, as shown on the Creative plans tab.",0.000138,"price_amount / usage_limit_value (cost per credit, plan price only)",no,https://elevenlabs.io/pricing,pricing_page,2026-09-24,ai-assisted,verified,yes,"Credits are the vendor unit; how much audio one credit buys depends on the model and feature, so no cost per minute is calculated. Prices exclude taxes per the page."
ElevenLabs,ElevenLabs,voice generation,Scale,monthly,299,USD,,1800000,credits,"Per month, as shown on the Creative plans tab. Includes 3 workspace seats.",0.000166,"price_amount / usage_limit_value (cost per credit, plan price only)",no,https://elevenlabs.io/pricing,pricing_page,2026-09-24,ai-assisted,verified,yes,"Credits are the vendor unit; how much audio one credit buys depends on the model and feature, so no cost per minute is calculated. Prices exclude taxes per the page."
ElevenLabs,ElevenLabs,voice generation,Scale,annual,249.17,USD,"Monthly equivalent shown when yearly billing is selected; the page labels it ""2 months free"". The annual total is not stated on the page.",1800000,credits,"Per month, as shown on the Creative plans tab. Includes 3 workspace seats.",0.000138,"price_amount / usage_limit_value (cost per credit, plan price only)",no,https://elevenlabs.io/pricing,pricing_page,2026-09-24,ai-assisted,verified,yes,"Credits are the vendor unit; how much audio one credit buys depends on the model and feature, so no cost per minute is calculated. Prices exclude taxes per the page."
ElevenLabs,ElevenLabs,voice generation,Business,monthly,990,USD,,6000000,credits,"Per month, as shown on the Creative plans tab. Includes 10 workspace seats.",0.000165,"price_amount / usage_limit_value (cost per credit, plan price only)",no,https://elevenlabs.io/pricing,pricing_page,2026-09-24,ai-assisted,verified,yes,"Credits are the vendor unit; how much audio one credit buys depends on the model and feature, so no cost per minute is calculated. Prices exclude taxes per the page."
ElevenLabs,ElevenLabs,voice generation,Business,annual,825,USD,"Monthly equivalent shown when yearly billing is selected; the page labels it ""2 months free"". The annual total is not stated on the page.",6000000,credits,"Per month, as shown on the Creative plans tab. Includes 10 workspace seats.",0.000138,"price_amount / usage_limit_value (cost per credit, plan price only)",no,https://elevenlabs.io/pricing,pricing_page,2026-09-24,ai-assisted,verified,yes,"Credits are the vendor unit; how much audio one credit buys depends on the model and feature, so no cost per minute is calculated. Prices exclude taxes per the page."
ElevenLabs,ElevenLabs,voice generation,Enterprise,monthly,,USD,Custom pricing; contact sales.,,credits,Custom number of credits and seats.,,,no,https://elevenlabs.io/pricing,pricing_page,2026-09-24,ai-assisted,not_published,yes,
OpusClip,Opus Labs (OpusClip),video clipping,Free,monthly,0,USD,,60,credits,"Per month. Page notes: clips carry a watermark, no editing, and exported clips expire after 3 days.",,,yes,https://www.opus.pro/pricing,pricing_page,2026-09-24,ai-assisted,verified,no,
OpusClip,Opus Labs (OpusClip),video clipping,Starter,monthly,15,USD,Page says the Starter plan is only available on monthly billing.,150,credits,Per month.,0.1,"price_amount / usage_limit_value (cost per credit, plan price only)",no,https://www.opus.pro/pricing,pricing_page,2026-09-24,ai-assisted,verified,no,"Page shows a free trial with no credit card required. The pricing page does not define what one credit buys in this view, so no cost per minute of video is calculated."
OpusClip,Opus Labs (OpusClip),video clipping,Pro,monthly,29,USD,,300,credits,"Per month. Unused credits roll over for 1 month. Includes a team workspace with 2 seats. The page also offers multiple credit packs, whose prices were not displayed in this view.",0.096667,"price_amount / usage_limit_value (cost per credit, plan price only)",no,https://www.opus.pro/pricing,pricing_page,2026-09-24,ai-assisted,verified,no,"Page shows a free trial with no credit card required. The pricing page does not define what one credit buys in this view, so no cost per minute of video is calculated."
OpusClip,Opus Labs (OpusClip),video clipping,Pro,annual,14.5,USD,Monthly equivalent shown when yearly billing is selected; the page states 174 billed annually (list price 29 per month).,300,credits,"Per month. Unused credits roll over for 2 months on annual billing. Includes a team workspace with 2 seats. The page also offers multiple credit packs, whose prices were not displayed in this view.",0.048333,"price_amount / usage_limit_value (cost per credit, plan price only)",no,https://www.opus.pro/pricing,pricing_page,2026-09-24,ai-assisted,verified,no,"Page shows a free trial with no credit card required. The pricing page does not define what one credit buys in this view, so no cost per minute of video is calculated."
OpusClip,Opus Labs (OpusClip),video clipping,Business,monthly,,USD,Custom pricing and packs; contact sales.,,credits,"Customized credits, team seats and social account connections.",,,no,https://www.opus.pro/pricing,pricing_page,2026-09-24,ai-assisted,not_published,no,
Descript,Descript,video and podcast editing,Free,monthly,0,USD,,,media hours,Limits for the Free plan were not shown on the pricing page.,,,yes,https://www.descript.com/pricing,pricing_page,2026-09-24,ai-assisted,verified,no,The page describes Free as including text-based editing and a first look at the AI tools.
Descript,Descript,video and podcast editing,Hobbyist,monthly,24,USD,Per person per month.,10,media hours,"Per month. Also 400 AI credits per month. 1 person included. Export up to 1080p, watermark-free.",,,no,https://www.descript.com/pricing,pricing_page,2026-09-24,ai-assisted,verified,no,"One price covers both media hours and AI credits, so no single per-unit cost is calculated."
Descript,Descript,video and podcast editing,Hobbyist,annual,16,USD,"Per person per month, shown when annual billing is selected. The annual total is not stated on the page.",10,media hours,"Per month. Also 400 AI credits per month. 1 person included. Export up to 1080p, watermark-free.",,,no,https://www.descript.com/pricing,pricing_page,2026-09-24,ai-assisted,verified,no,"One price covers both media hours and AI credits, so no single per-unit cost is calculated."
Descript,Descript,video and podcast editing,Creator,monthly,35,USD,Per person per month.,30,media hours,"Per month. Also 800 AI credits per month. Can scale to a team of 3, billed separately. Export up to 4K, watermark-free.",,,no,https://www.descript.com/pricing,pricing_page,2026-09-24,ai-assisted,verified,no,"One price covers both media hours and AI credits, so no single per-unit cost is calculated."
Descript,Descript,video and podcast editing,Creator,annual,24,USD,"Per person per month, shown when annual billing is selected. The annual total is not stated on the page.",30,media hours,"Per month. Also 800 AI credits per month. Can scale to a team of 3, billed separately. Export up to 4K, watermark-free.",,,no,https://www.descript.com/pricing,pricing_page,2026-09-24,ai-assisted,verified,no,"One price covers both media hours and AI credits, so no single per-unit cost is calculated."
Descript,Descript,video and podcast editing,Business,monthly,65,USD,Per person per month.,40,media hours,"Per month. Also 1500 AI credits per month. Can scale to a team of 5, billed separately.",,,no,https://www.descript.com/pricing,pricing_page,2026-09-24,ai-assisted,verified,no,"One price covers both media hours and AI credits, so no single per-unit cost is calculated."
Descript,Descript,video and podcast editing,Business,annual,50,USD,"Per person per month, shown when annual billing is selected. The annual total is not stated on the page.",40,media hours,"Per month. Also 1500 AI credits per month. Can scale to a team of 5, billed separately.",,,no,https://www.descript.com/pricing,pricing_page,2026-09-24,ai-assisted,verified,no,"One price covers both media hours and AI credits, so no single per-unit cost is calculated."
Descript,Descript,video and podcast editing,Enterprise,monthly,,USD,Custom pricing; talk to sales.,,media hours,AI credits and media hours are sized to the team.,,,no,https://www.descript.com/pricing,pricing_page,2026-09-24,ai-assisted,not_published,no,
AdCreative.ai,AdCreative.ai,AI ad creatives,"Starter (10 credits, 1 brand)",monthly,39,USD,,10,credits,Per month. Brand limit 1.,3.9,"price_amount / usage_limit_value (cost per credit, plan price only)",,https://www.adcreative.ai/#new-pricing-section,pricing_page,2026-09-24,ai-assisted,verified,yes,"Pricing appears as a section on the vendor homepage, not a separate page. Plan buttons say ""Try it free""; the pricing section does not describe the trial terms. The pricing section does not define what one credit buys, so no cost per finished ad is calculated. Prices are the monthly equivalent shown per credit tier in the plan selector."
AdCreative.ai,AdCreative.ai,AI ad creatives,"Starter (15 credits, 2 brands)",monthly,89,USD,,15,credits,Per month. Brand limit 2.,5.9333,"price_amount / usage_limit_value (cost per credit, plan price only)",,https://www.adcreative.ai/#new-pricing-section,pricing_page,2026-09-24,ai-assisted,verified,yes,"Pricing appears as a section on the vendor homepage, not a separate page. Plan buttons say ""Try it free""; the pricing section does not describe the trial terms. The pricing section does not define what one credit buys, so no cost per finished ad is calculated. Prices are the monthly equivalent shown per credit tier in the plan selector."
AdCreative.ai,AdCreative.ai,AI ad creatives,"Starter (30 credits, 2 brands)",monthly,139,USD,,30,credits,Per month. Brand limit 2.,4.6333,"price_amount / usage_limit_value (cost per credit, plan price only)",,https://www.adcreative.ai/#new-pricing-section,pricing_page,2026-09-24,ai-assisted,verified,yes,"Pricing appears as a section on the vendor homepage, not a separate page. Plan buttons say ""Try it free""; the pricing section does not describe the trial terms. The pricing section does not define what one credit buys, so no cost per finished ad is calculated. Prices are the monthly equivalent shown per credit tier in the plan selector."
AdCreative.ai,AdCreative.ai,AI ad creatives,"Starter (50 credits, 2 brands)",monthly,189,USD,,50,credits,Per month. Brand limit 2.,3.78,"price_amount / usage_limit_value (cost per credit, plan price only)",,https://www.adcreative.ai/#new-pricing-section,pricing_page,2026-09-24,ai-assisted,verified,yes,"Pricing appears as a section on the vendor homepage, not a separate page. Plan buttons say ""Try it free""; the pricing section does not describe the trial terms. The pricing section does not define what one credit buys, so no cost per finished ad is calculated. Prices are the monthly equivalent shown per credit tier in the plan selector."
AdCreative.ai,AdCreative.ai,AI ad creatives,"Professional (50 credits, 10 brands)",monthly,249,USD,,50,credits,Per month. Brand limit 10.,4.98,"price_amount / usage_limit_value (cost per credit, plan price only)",,https://www.adcreative.ai/#new-pricing-section,pricing_page,2026-09-24,ai-assisted,verified,yes,"Pricing appears as a section on the vendor homepage, not a separate page. Plan buttons say ""Try it free""; the pricing section does not describe the trial terms. The pricing section does not define what one credit buys, so no cost per finished ad is calculated. Prices are the monthly equivalent shown per credit tier in the plan selector."
AdCreative.ai,AdCreative.ai,AI ad creatives,"Professional (75 credits, 10 brands)",monthly,339,USD,,75,credits,Per month. Brand limit 10.,4.52,"price_amount / usage_limit_value (cost per credit, plan price only)",,https://www.adcreative.ai/#new-pricing-section,pricing_page,2026-09-24,ai-assisted,verified,yes,"Pricing appears as a section on the vendor homepage, not a separate page. Plan buttons say ""Try it free""; the pricing section does not describe the trial terms. The pricing section does not define what one credit buys, so no cost per finished ad is calculated. Prices are the monthly equivalent shown per credit tier in the plan selector."
AdCreative.ai,AdCreative.ai,AI ad creatives,"Professional (100 credits, 10 brands)",monthly,400,USD,,100,credits,Per month. Brand limit 10.,4,"price_amount / usage_limit_value (cost per credit, plan price only)",,https://www.adcreative.ai/#new-pricing-section,pricing_page,2026-09-24,ai-assisted,verified,yes,"Pricing appears as a section on the vendor homepage, not a separate page. Plan buttons say ""Try it free""; the pricing section does not describe the trial terms. The pricing section does not define what one credit buys, so no cost per finished ad is calculated. Prices are the monthly equivalent shown per credit tier in the plan selector."
AdCreative.ai,AdCreative.ai,AI ad creatives,"Ultimate (100 credits, 25 brands)",monthly,999,USD,,100,credits,Per month. Brand limit 25.,9.99,"price_amount / usage_limit_value (cost per credit, plan price only)",,https://www.adcreative.ai/#new-pricing-section,pricing_page,2026-09-24,ai-assisted,verified,yes,"Pricing appears as a section on the vendor homepage, not a separate page. Plan buttons say ""Try it free""; the pricing section does not describe the trial terms. The pricing section does not define what one credit buys, so no cost per finished ad is calculated. Prices are the monthly equivalent shown per credit tier in the plan selector."
AdCreative.ai,AdCreative.ai,AI ad creatives,"Ultimate (150 credits, 25 brands)",monthly,1099,USD,,150,credits,Per month. Brand limit 25.,7.3267,"price_amount / usage_limit_value (cost per credit, plan price only)",,https://www.adcreative.ai/#new-pricing-section,pricing_page,2026-09-24,ai-assisted,verified,yes,"Pricing appears as a section on the vendor homepage, not a separate page. Plan buttons say ""Try it free""; the pricing section does not describe the trial terms. The pricing section does not define what one credit buys, so no cost per finished ad is calculated. Prices are the monthly equivalent shown per credit tier in the plan selector."
AdCreative.ai,AdCreative.ai,AI ad creatives,"Ultimate (200 credits, 25 brands)",monthly,1399,USD,,200,credits,Per month. Brand limit 25.,6.995,"price_amount / usage_limit_value (cost per credit, plan price only)",,https://www.adcreative.ai/#new-pricing-section,pricing_page,2026-09-24,ai-assisted,verified,yes,"Pricing appears as a section on the vendor homepage, not a separate page. Plan buttons say ""Try it free""; the pricing section does not describe the trial terms. The pricing section does not define what one credit buys, so no cost per finished ad is calculated. Prices are the monthly equivalent shown per credit tier in the plan selector."
AdCreative.ai,AdCreative.ai,AI ad creatives,"Starter (10 credits, 1 brand)",quarterly,29,USD,Monthly equivalent shown when quarterly billing is selected; the page says billed quarterly. The quarterly total is not stated.,10,credits,Per month. Brand limit 1.,2.9,"price_amount / usage_limit_value (cost per credit, plan price only)",,https://www.adcreative.ai/#new-pricing-section,pricing_page,2026-09-24,ai-assisted,verified,yes,"Pricing appears as a section on the vendor homepage, not a separate page. Plan buttons say ""Try it free""; the pricing section does not describe the trial terms. The pricing section does not define what one credit buys, so no cost per finished ad is calculated. Prices are the monthly equivalent shown per credit tier in the plan selector."
AdCreative.ai,AdCreative.ai,AI ad creatives,"Starter (15 credits, 2 brands)",quarterly,65,USD,Monthly equivalent shown when quarterly billing is selected; the page says billed quarterly. The quarterly total is not stated.,15,credits,Per month. Brand limit 2.,4.3333,"price_amount / usage_limit_value (cost per credit, plan price only)",,https://www.adcreative.ai/#new-pricing-section,pricing_page,2026-09-24,ai-assisted,verified,yes,"Pricing appears as a section on the vendor homepage, not a separate page. Plan buttons say ""Try it free""; the pricing section does not describe the trial terms. The pricing section does not define what one credit buys, so no cost per finished ad is calculated. Prices are the monthly equivalent shown per credit tier in the plan selector."
AdCreative.ai,AdCreative.ai,AI ad creatives,"Starter (30 credits, 2 brands)",quarterly,105,USD,Monthly equivalent shown when quarterly billing is selected; the page says billed quarterly. The quarterly total is not stated.,30,credits,Per month. Brand limit 2.,3.5,"price_amount / usage_limit_value (cost per credit, plan price only)",,https://www.adcreative.ai/#new-pricing-section,pricing_page,2026-09-24,ai-assisted,verified,yes,"Pricing appears as a section on the vendor homepage, not a separate page. Plan buttons say ""Try it free""; the pricing section does not describe the trial terms. The pricing section does not define what one credit buys, so no cost per finished ad is calculated. Prices are the monthly equivalent shown per credit tier in the plan selector."
AdCreative.ai,AdCreative.ai,AI ad creatives,"Starter (50 credits, 2 brands)",quarterly,145,USD,Monthly equivalent shown when quarterly billing is selected; the page says billed quarterly. The quarterly total is not stated.,50,credits,Per month. Brand limit 2.,2.9,"price_amount / usage_limit_value (cost per credit, plan price only)",,https://www.adcreative.ai/#new-pricing-section,pricing_page,2026-09-24,ai-assisted,verified,yes,"Pricing appears as a section on the vendor homepage, not a separate page. Plan buttons say ""Try it free""; the pricing section does not describe the trial terms. The pricing section does not define what one credit buys, so no cost per finished ad is calculated. Prices are the monthly equivalent shown per credit tier in the plan selector."
AdCreative.ai,AdCreative.ai,AI ad creatives,"Professional (50 credits, 10 brands)",quarterly,185,USD,Monthly equivalent shown when quarterly billing is selected; the page says billed quarterly. The quarterly total is not stated.,50,credits,Per month. Brand limit 10.,3.7,"price_amount / usage_limit_value (cost per credit, plan price only)",,https://www.adcreative.ai/#new-pricing-section,pricing_page,2026-09-24,ai-assisted,verified,yes,"Pricing appears as a section on the vendor homepage, not a separate page. Plan buttons say ""Try it free""; the pricing section does not describe the trial terms. The pricing section does not define what one credit buys, so no cost per finished ad is calculated. Prices are the monthly equivalent shown per credit tier in the plan selector."
AdCreative.ai,AdCreative.ai,AI ad creatives,"Professional (75 credits, 10 brands)",quarterly,255,USD,Monthly equivalent shown when quarterly billing is selected; the page says billed quarterly. The quarterly total is not stated.,75,credits,Per month. Brand limit 10.,3.4,"price_amount / usage_limit_value (cost per credit, plan price only)",,https://www.adcreative.ai/#new-pricing-section,pricing_page,2026-09-24,ai-assisted,verified,yes,"Pricing appears as a section on the vendor homepage, not a separate page. Plan buttons say ""Try it free""; the pricing section does not describe the trial terms. The pricing section does not define what one credit buys, so no cost per finished ad is calculated. Prices are the monthly equivalent shown per credit tier in the plan selector."
AdCreative.ai,AdCreative.ai,AI ad creatives,"Professional (100 credits, 10 brands)",quarterly,299,USD,Monthly equivalent shown when quarterly billing is selected; the page says billed quarterly. The quarterly total is not stated.,100,credits,Per month. Brand limit 10.,2.99,"price_amount / usage_limit_value (cost per credit, plan price only)",,https://www.adcreative.ai/#new-pricing-section,pricing_page,2026-09-24,ai-assisted,verified,yes,"Pricing appears as a section on the vendor homepage, not a separate page. Plan buttons say ""Try it free""; the pricing section does not describe the trial terms. The pricing section does not define what one credit buys, so no cost per finished ad is calculated. Prices are the monthly equivalent shown per credit tier in the plan selector."
AdCreative.ai,AdCreative.ai,AI ad creatives,"Ultimate (100 credits, 25 brands)",quarterly,749,USD,Monthly equivalent shown when quarterly billing is selected; the page says billed quarterly. The quarterly total is not stated.,100,credits,Per month. Brand limit 25.,7.49,"price_amount / usage_limit_value (cost per credit, plan price only)",,https://www.adcreative.ai/#new-pricing-section,pricing_page,2026-09-24,ai-assisted,verified,yes,"Pricing appears as a section on the vendor homepage, not a separate page. Plan buttons say ""Try it free""; the pricing section does not describe the trial terms. The pricing section does not define what one credit buys, so no cost per finished ad is calculated. Prices are the monthly equivalent shown per credit tier in the plan selector."
AdCreative.ai,AdCreative.ai,AI ad creatives,"Ultimate (150 credits, 25 brands)",quarterly,825,USD,Monthly equivalent shown when quarterly billing is selected; the page says billed quarterly. The quarterly total is not stated.,150,credits,Per month. Brand limit 25.,5.5,"price_amount / usage_limit_value (cost per credit, plan price only)",,https://www.adcreative.ai/#new-pricing-section,pricing_page,2026-09-24,ai-assisted,verified,yes,"Pricing appears as a section on the vendor homepage, not a separate page. Plan buttons say ""Try it free""; the pricing section does not describe the trial terms. The pricing section does not define what one credit buys, so no cost per finished ad is calculated. Prices are the monthly equivalent shown per credit tier in the plan selector."
AdCreative.ai,AdCreative.ai,AI ad creatives,"Ultimate (200 credits, 25 brands)",quarterly,1049,USD,Monthly equivalent shown when quarterly billing is selected; the page says billed quarterly. The quarterly total is not stated.,200,credits,Per month. Brand limit 25.,5.245,"price_amount / usage_limit_value (cost per credit, plan price only)",,https://www.adcreative.ai/#new-pricing-section,pricing_page,2026-09-24,ai-assisted,verified,yes,"Pricing appears as a section on the vendor homepage, not a separate page. Plan buttons say ""Try it free""; the pricing section does not describe the trial terms. The pricing section does not define what one credit buys, so no cost per finished ad is calculated. Prices are the monthly equivalent shown per credit tier in the plan selector."
AdCreative.ai,AdCreative.ai,AI ad creatives,"Starter (10 credits, 1 brand)",annual,20,USD,Monthly equivalent shown when yearly billing is selected; the page says billed yearly. The annual total is not stated.,10,credits,Per month. Brand limit 1.,2,"price_amount / usage_limit_value (cost per credit, plan price only)",,https://www.adcreative.ai/#new-pricing-section,pricing_page,2026-09-24,ai-assisted,verified,yes,"Pricing appears as a section on the vendor homepage, not a separate page. Plan buttons say ""Try it free""; the pricing section does not describe the trial terms. The pricing section does not define what one credit buys, so no cost per finished ad is calculated. Prices are the monthly equivalent shown per credit tier in the plan selector."
AdCreative.ai,AdCreative.ai,AI ad creatives,"Starter (15 credits, 2 brands)",annual,45,USD,Monthly equivalent shown when yearly billing is selected; the page says billed yearly. The annual total is not stated.,15,credits,Per month. Brand limit 2.,3,"price_amount / usage_limit_value (cost per credit, plan price only)",,https://www.adcreative.ai/#new-pricing-section,pricing_page,2026-09-24,ai-assisted,verified,yes,"Pricing appears as a section on the vendor homepage, not a separate page. Plan buttons say ""Try it free""; the pricing section does not describe the trial terms. The pricing section does not define what one credit buys, so no cost per finished ad is calculated. Prices are the monthly equivalent shown per credit tier in the plan selector."
AdCreative.ai,AdCreative.ai,AI ad creatives,"Starter (30 credits, 2 brands)",annual,70,USD,Monthly equivalent shown when yearly billing is selected; the page says billed yearly. The annual total is not stated.,30,credits,Per month. Brand limit 2.,2.3333,"price_amount / usage_limit_value (cost per credit, plan price only)",,https://www.adcreative.ai/#new-pricing-section,pricing_page,2026-09-24,ai-assisted,verified,yes,"Pricing appears as a section on the vendor homepage, not a separate page. Plan buttons say ""Try it free""; the pricing section does not describe the trial terms. The pricing section does not define what one credit buys, so no cost per finished ad is calculated. Prices are the monthly equivalent shown per credit tier in the plan selector."
AdCreative.ai,AdCreative.ai,AI ad creatives,"Starter (50 credits, 2 brands)",annual,95,USD,Monthly equivalent shown when yearly billing is selected; the page says billed yearly. The annual total is not stated.,50,credits,Per month. Brand limit 2.,1.9,"price_amount / usage_limit_value (cost per credit, plan price only)",,https://www.adcreative.ai/#new-pricing-section,pricing_page,2026-09-24,ai-assisted,verified,yes,"Pricing appears as a section on the vendor homepage, not a separate page. Plan buttons say ""Try it free""; the pricing section does not describe the trial terms. The pricing section does not define what one credit buys, so no cost per finished ad is calculated. Prices are the monthly equivalent shown per credit tier in the plan selector."
AdCreative.ai,AdCreative.ai,AI ad creatives,"Professional (50 credits, 10 brands)",annual,125,USD,Monthly equivalent shown when yearly billing is selected; the page says billed yearly. The annual total is not stated.,50,credits,Per month. Brand limit 10.,2.5,"price_amount / usage_limit_value (cost per credit, plan price only)",,https://www.adcreative.ai/#new-pricing-section,pricing_page,2026-09-24,ai-assisted,verified,yes,"Pricing appears as a section on the vendor homepage, not a separate page. Plan buttons say ""Try it free""; the pricing section does not describe the trial terms. The pricing section does not define what one credit buys, so no cost per finished ad is calculated. Prices are the monthly equivalent shown per credit tier in the plan selector."
AdCreative.ai,AdCreative.ai,AI ad creatives,"Professional (75 credits, 10 brands)",annual,170,USD,Monthly equivalent shown when yearly billing is selected; the page says billed yearly. The annual total is not stated.,75,credits,Per month. Brand limit 10.,2.2667,"price_amount / usage_limit_value (cost per credit, plan price only)",,https://www.adcreative.ai/#new-pricing-section,pricing_page,2026-09-24,ai-assisted,verified,yes,"Pricing appears as a section on the vendor homepage, not a separate page. Plan buttons say ""Try it free""; the pricing section does not describe the trial terms. The pricing section does not define what one credit buys, so no cost per finished ad is calculated. Prices are the monthly equivalent shown per credit tier in the plan selector."
AdCreative.ai,AdCreative.ai,AI ad creatives,"Professional (100 credits, 10 brands)",annual,200,USD,Monthly equivalent shown when yearly billing is selected; the page says billed yearly. The annual total is not stated.,100,credits,Per month. Brand limit 10.,2,"price_amount / usage_limit_value (cost per credit, plan price only)",,https://www.adcreative.ai/#new-pricing-section,pricing_page,2026-09-24,ai-assisted,verified,yes,"Pricing appears as a section on the vendor homepage, not a separate page. Plan buttons say ""Try it free""; the pricing section does not describe the trial terms. The pricing section does not define what one credit buys, so no cost per finished ad is calculated. Prices are the monthly equivalent shown per credit tier in the plan selector."
AdCreative.ai,AdCreative.ai,AI ad creatives,"Ultimate (100 credits, 25 brands)",annual,500,USD,Monthly equivalent shown when yearly billing is selected; the page says billed yearly. The annual total is not stated.,100,credits,Per month. Brand limit 25.,5,"price_amount / usage_limit_value (cost per credit, plan price only)",,https://www.adcreative.ai/#new-pricing-section,pricing_page,2026-09-24,ai-assisted,verified,yes,"Pricing appears as a section on the vendor homepage, not a separate page. Plan buttons say ""Try it free""; the pricing section does not describe the trial terms. The pricing section does not define what one credit buys, so no cost per finished ad is calculated. Prices are the monthly equivalent shown per credit tier in the plan selector."
AdCreative.ai,AdCreative.ai,AI ad creatives,"Ultimate (150 credits, 25 brands)",annual,550,USD,Monthly equivalent shown when yearly billing is selected; the page says billed yearly. The annual total is not stated.,150,credits,Per month. Brand limit 25.,3.6667,"price_amount / usage_limit_value (cost per credit, plan price only)",,https://www.adcreative.ai/#new-pricing-section,pricing_page,2026-09-24,ai-assisted,verified,yes,"Pricing appears as a section on the vendor homepage, not a separate page. Plan buttons say ""Try it free""; the pricing section does not describe the trial terms. The pricing section does not define what one credit buys, so no cost per finished ad is calculated. Prices are the monthly equivalent shown per credit tier in the plan selector."
AdCreative.ai,AdCreative.ai,AI ad creatives,"Ultimate (200 credits, 25 brands)",annual,700,USD,Monthly equivalent shown when yearly billing is selected; the page says billed yearly. The annual total is not stated.,200,credits,Per month. Brand limit 25.,3.5,"price_amount / usage_limit_value (cost per credit, plan price only)",,https://www.adcreative.ai/#new-pricing-section,pricing_page,2026-09-24,ai-assisted,verified,yes,"Pricing appears as a section on the vendor homepage, not a separate page. Plan buttons say ""Try it free""; the pricing section does not describe the trial terms. The pricing section does not define what one credit buys, so no cost per finished ad is calculated. Prices are the monthly equivalent shown per credit tier in the plan selector."
Intercom helpdesk,Intercom,customer support platform,Essential,monthly,29,USD,"Per Full seat per month, billed monthly (the ""Pay annually"" switch is off).",,seats,Priced per Full seat. Lite seats are free on Advanced and Expert only.,,,no,https://www.intercom.com/pricing,pricing_page,2026-09-24,ai-assisted,verified,no,Page advertises a 14-day cardless free trial; there is no permanent free plan on this page. Fin AI Agent is charged separately per outcome (see the Fin AI Agent rows).
Intercom helpdesk,Intercom,customer support platform,Essential,annual,19,USD,"Per Full seat per month, shown with the ""Pay annually"" switch on. The annual total is not stated on the page.",,seats,Priced per Full seat. Lite seats are free on Advanced and Expert only.,,,no,https://www.intercom.com/pricing,pricing_page,2026-09-24,ai-assisted,verified,no,Page advertises a 14-day cardless free trial; there is no permanent free plan on this page. Fin AI Agent is charged separately per outcome (see the Fin AI Agent rows).
Intercom helpdesk,Intercom,customer support platform,Advanced,monthly,99,USD,"Per Full seat per month, billed monthly (the ""Pay annually"" switch is off).",,seats,Priced per Full seat. Includes 20 free Lite seats.,,,no,https://www.intercom.com/pricing,pricing_page,2026-09-24,ai-assisted,verified,no,Page advertises a 14-day cardless free trial; there is no permanent free plan on this page. Fin AI Agent is charged separately per outcome. The page also mentions an Early Stage discount for startups under 10M raised and 15 employees or fewer; it is not included in this row.
Intercom helpdesk,Intercom,customer support platform,Advanced,annual,85,USD,"Per Full seat per month, shown with the ""Pay annually"" switch on. The annual total is not stated on the page.",,seats,Priced per Full seat. Includes 20 free Lite seats.,,,no,https://www.intercom.com/pricing,pricing_page,2026-09-24,ai-assisted,verified,no,Page advertises a 14-day cardless free trial; there is no permanent free plan on this page. Fin AI Agent is charged separately per outcome. The page also mentions an Early Stage discount for startups under 10M raised and 15 employees or fewer; it is not included in this row.
Intercom helpdesk,Intercom,customer support platform,Expert,monthly,139,USD,"Per Full seat per month, billed monthly (the ""Pay annually"" switch is off).",,seats,Priced per Full seat. Includes 50 free Lite seats.,,,no,https://www.intercom.com/pricing,pricing_page,2026-09-24,ai-assisted,verified,no,Page advertises a 14-day cardless free trial; there is no permanent free plan on this page. Fin AI Agent is charged separately per outcome (see the Fin AI Agent rows).
Intercom helpdesk,Intercom,customer support platform,Expert,annual,132,USD,"Per Full seat per month, shown with the ""Pay annually"" switch on. The annual total is not stated on the page.",,seats,Priced per Full seat. Includes 50 free Lite seats.,,,no,https://www.intercom.com/pricing,pricing_page,2026-09-24,ai-assisted,verified,no,Page advertises a 14-day cardless free trial; there is no permanent free plan on this page. Fin AI Agent is charged separately per outcome (see the Fin AI Agent rows).
Fin AI Agent,Intercom,AI customer support agent,Fin AI Agent with Intercom helpdesk,usage-based,0.99,USD,Per outcome. Stated as the Fin price on all Intercom plans.,,outcomes,No included volume stated; charged only per outcome.,0.99,vendor-stated price per outcome (no calculation),no,https://www.intercom.com/pricing,pricing_page,2026-09-24,ai-assisted,verified,no,"Vendor FAQ: an outcome is counted when a customer confirms the issue is resolved, or does not ask for more help after Fin responds, or Fin completes a workflow (including handoffs). Charged at most once per conversation. Other usage (WhatsApp, SMS, bulk email, phone) is charged separately per the vendor FAQ."
Fin AI Agent,Intercom,AI customer support agent,Fin AI Agent with an existing helpdesk,usage-based,0.99,USD,Per outcome. The page lists this option as contact sales and says the Intercom helpdesk is not included.,,outcomes,No included volume stated; charged only per outcome.,0.99,vendor-stated price per outcome (no calculation),no,https://www.intercom.com/pricing,pricing_page,2026-09-24,ai-assisted,verified,no,"Vendor FAQ: an outcome is counted when a customer confirms the issue is resolved, or does not ask for more help after Fin responds, or Fin completes a workflow (including handoffs). Charged at most once per conversation."
Fin Voice,Intercom,AI customer support agent,Fin Voice,usage-based,1.99,USD,Per voice outcome. The page says Fin Voice is available via sales.,,outcomes,No included volume stated; charged only per outcome.,1.99,vendor-stated price per voice outcome (no calculation),no,https://www.intercom.com/pricing,pricing_page,2026-09-24,ai-assisted,verified,no,Definition of a voice outcome was not shown on the pricing page.
Captions,Captions,AI video editing,Free,monthly,0,USD,,,credits,"The comparison table lists AI usage credits as none on Free. Per the vendor FAQ, Free includes basic tools such as trimming, transitions and some media library assets.",,,yes,https://www.captions.ai/pricing,pricing_page,2026-09-24,ai-assisted,verified,no,The page states that features and prices shown reflect iOS plans only; prices on other platforms may differ.
Captions,Captions,AI video editing,Max,monthly,24.99,USD,The page states that features and prices shown reflect iOS plans only; prices on other platforms may differ.,500,credits,"Per month. Vendor FAQ: unused credits roll over, up to 3 times the monthly allowance.",0.05,"price_amount / usage_limit_value (cost per credit, plan price only)",no,https://www.captions.ai/pricing,pricing_page,2026-09-24,ai-assisted,verified,no,"The pricing page does not define what one credit buys, so no cost per finished video is calculated."
Captions,Captions,AI video editing,Max,annual,,USD,"The vendor FAQ says a yearly plan bills 12 months upfront at a discounted rate, but no yearly price was shown on the page.",500,credits,Per month.,,,no,https://www.captions.ai/pricing,pricing_page,2026-09-24,ai-assisted,not_published,no,
Captions,Captions,AI video editing,Frontier (1x usage),monthly,69.99,USD,The page states that features and prices shown reflect iOS plans only; prices on other platforms may differ.,1400,credits,"Per month. Vendor FAQ: unused credits roll over, up to 3 times the monthly allowance.",0.05,"price_amount / usage_limit_value (cost per credit, plan price only)",no,https://www.captions.ai/pricing,pricing_page,2026-09-24,ai-assisted,verified,no,"The pricing page does not define what one credit buys, so no cost per finished video is calculated."
Captions,Captions,AI video editing,Frontier (2x usage),monthly,139.99,USD,The page states that features and prices shown reflect iOS plans only; prices on other platforms may differ.,2800,credits,"Per month. Vendor FAQ: unused credits roll over, up to 3 times the monthly allowance.",0.05,"price_amount / usage_limit_value (cost per credit, plan price only)",no,https://www.captions.ai/pricing,pricing_page,2026-09-24,ai-assisted,verified,no,"The pricing page does not define what one credit buys, so no cost per finished video is calculated."
Captions,Captions,AI video editing,Frontier (4x usage),monthly,279.99,USD,The page states that features and prices shown reflect iOS plans only; prices on other platforms may differ.,5600,credits,"Per month. Vendor FAQ: unused credits roll over, up to 3 times the monthly allowance.",0.05,"price_amount / usage_limit_value (cost per credit, plan price only)",no,https://www.captions.ai/pricing,pricing_page,2026-09-24,ai-assisted,verified,no,"The pricing page does not define what one credit buys, so no cost per finished video is calculated."
Captions,Captions,AI video editing,Frontier (1x usage),annual,,USD,"The vendor FAQ says a yearly plan bills 12 months upfront at a discounted rate, but no yearly price was shown on the page.",1400,credits,Per month.,,,no,https://www.captions.ai/pricing,pricing_page,2026-09-24,ai-assisted,not_published,no,
Captions,Captions,AI video editing,Enterprise,monthly,,USD,Custom pricing; contact sales.,,credits,Bulk credit discounts and custom seat options are listed.,,,no,https://www.captions.ai/pricing,pricing_page,2026-09-24,ai-assisted,not_published,no,
Chatbase,Chatbase,AI customer support chatbot,Free,monthly,0,USD,,50,message credits,Per month. 1 member. The page notes that AI agents are deleted after 14 days of inactivity on the free plan. Limited access to models.,,,yes,https://www.chatbase.co/pricing,pricing_page,2026-09-24,ai-assisted,verified,no,
Chatbase,Chatbase,AI customer support chatbot,Hobby,monthly,40,USD,,700,message credits,Per month. 2 members.,0.0571,"price_amount / usage_limit_value (cost per message credit, plan price only)",no,https://www.chatbase.co/pricing,pricing_page,2026-09-24,ai-assisted,verified,no,"The page offers a 7-day trial on Hobby, Standard and Pro. Vendor FAQ: each request to the AI model costs a number of credits that depends on the chosen model, and an action can trigger several requests, so no cost per chat message is calculated."
Chatbase,Chatbase,AI customer support chatbot,Hobby,annual,32,USD,Monthly equivalent shown when yearly billing is selected; the page states 384 billed annually.,700,message credits,Per month. 2 members.,0.0457,"price_amount / usage_limit_value (cost per message credit, plan price only)",no,https://www.chatbase.co/pricing,pricing_page,2026-09-24,ai-assisted,verified,no,"The page offers a 7-day trial on Hobby, Standard and Pro. Vendor FAQ: each request to the AI model costs a number of credits that depends on the chosen model, and an action can trigger several requests, so no cost per chat message is calculated."
Chatbase,Chatbase,AI customer support chatbot,Standard,monthly,150,USD,,4000,message credits,Per month. 3 members.,0.0375,"price_amount / usage_limit_value (cost per message credit, plan price only)",no,https://www.chatbase.co/pricing,pricing_page,2026-09-24,ai-assisted,verified,no,"The page offers a 7-day trial on Hobby, Standard and Pro. Vendor FAQ: each request to the AI model costs a number of credits that depends on the chosen model, and an action can trigger several requests, so no cost per chat message is calculated."
Chatbase,Chatbase,AI customer support chatbot,Standard,annual,120,USD,"Monthly equivalent shown when yearly billing is selected; the page states 1,440 billed annually.",4000,message credits,Per month. 3 members.,0.03,"price_amount / usage_limit_value (cost per message credit, plan price only)",no,https://www.chatbase.co/pricing,pricing_page,2026-09-24,ai-assisted,verified,no,"The page offers a 7-day trial on Hobby, Standard and Pro. Vendor FAQ: each request to the AI model costs a number of credits that depends on the chosen model, and an action can trigger several requests, so no cost per chat message is calculated."
Chatbase,Chatbase,AI customer support chatbot,Pro,monthly,500,USD,,15000,message credits,Per month. 5 members.,0.0333,"price_amount / usage_limit_value (cost per message credit, plan price only)",no,https://www.chatbase.co/pricing,pricing_page,2026-09-24,ai-assisted,verified,no,"The page offers a 7-day trial on Hobby, Standard and Pro. Vendor FAQ: each request to the AI model costs a number of credits that depends on the chosen model, and an action can trigger several requests, so no cost per chat message is calculated."
Chatbase,Chatbase,AI customer support chatbot,Pro,annual,400,USD,"Monthly equivalent shown when yearly billing is selected; the page states 4,800 billed annually.",15000,message credits,Per month. 5 members.,0.0267,"price_amount / usage_limit_value (cost per message credit, plan price only)",no,https://www.chatbase.co/pricing,pricing_page,2026-09-24,ai-assisted,verified,no,"The page offers a 7-day trial on Hobby, Standard and Pro. Vendor FAQ: each request to the AI model costs a number of credits that depends on the chosen model, and an action can trigger several requests, so no cost per chat message is calculated."
Chatbase,Chatbase,AI customer support chatbot,Enterprise,monthly,,USD,Contact sales.,,message credits,Higher limits are listed but not quantified.,,,no,https://www.chatbase.co/pricing,pricing_page,2026-09-24,ai-assisted,not_published,no,
Chatbase,Chatbase,AI customer support chatbot,Auto recharge credits (add-on),usage-based,40,USD,"Per 1,000 message credits. Credits are added automatically when the balance falls below a threshold the customer sets.",1000,message credits,The page says recharged credits do not expire.,0.04,"vendor-stated 40 per 1,000 message credits / 1,000",no,https://www.chatbase.co/pricing,pricing_page,2026-09-24,ai-assisted,verified,no,"Vendor FAQ: each request to the AI model costs a number of credits that depends on the chosen model, and an action can trigger several requests, so no cost per chat message is calculated."
Weav,Weav,AI customer support agent,Lite,monthly,0,USD,,20,AI messages,"Per month. 1 teammate, 1 custom email, 100KB training data, 5 enabled AI actions.",,,yes,https://weav.com/pricing,pricing_page,2026-09-24,ai-assisted,verified,yes,Described on the page as a free starter plan.
Weav,Weav,AI customer support agent,Plus,monthly,29,USD,,500,AI messages,"Per month. 2 teammates, 2 custom emails, 1MB training data, 5 enabled AI actions.",,,no,https://weav.com/pricing,pricing_page,2026-09-24,ai-assisted,verified,yes,"The page states the allowance in AI messages but sells extra usage as credits, and does not define how one maps to the other, so no per-message cost is calculated."
Weav,Weav,AI customer support agent,Plus,annual,29,USD,"Monthly equivalent shown when Annual is selected (the page labels this ""Annual - 20% discount""). Whether the annual amount is billed upfront was not read from the page. For this plan the annual view shows the same price as monthly.",500,AI messages,"Per month. 2 teammates, 2 custom emails, 1MB training data, 5 enabled AI actions.",,,no,https://weav.com/pricing,pricing_page,2026-09-24,ai-assisted,verified,yes,"The page states the allowance in AI messages but sells extra usage as credits, and does not define how one maps to the other, so no per-message cost is calculated."
Weav,Weav,AI customer support agent,Pro,monthly,149,USD,,5000,AI messages,"Per month. 3 teammates, 3 custom emails, 10MB training data, 10 enabled AI actions.",,,no,https://weav.com/pricing,pricing_page,2026-09-24,ai-assisted,verified,yes,"The page states the allowance in AI messages but sells extra usage as credits, and does not define how one maps to the other, so no per-message cost is calculated."
Weav,Weav,AI customer support agent,Pro,annual,119,USD,"Monthly equivalent shown when Annual is selected (the page labels this ""Annual - 20% discount""). Whether the annual amount is billed upfront was not read from the page.",5000,AI messages,"Per month. 3 teammates, 3 custom emails, 10MB training data, 10 enabled AI actions.",,,no,https://weav.com/pricing,pricing_page,2026-09-24,ai-assisted,verified,yes,"The page states the allowance in AI messages but sells extra usage as credits, and does not define how one maps to the other, so no per-message cost is calculated."
Weav,Weav,AI customer support agent,Max,monthly,449,USD,,20000,AI messages,"Per month. 5 teammates, 5 custom emails, 50MB training data, 25 enabled AI actions.",,,no,https://weav.com/pricing,pricing_page,2026-09-24,ai-assisted,verified,yes,"The page states the allowance in AI messages but sells extra usage as credits, and does not define how one maps to the other, so no per-message cost is calculated."
Weav,Weav,AI customer support agent,Max,annual,359,USD,"Monthly equivalent shown when Annual is selected (the page labels this ""Annual - 20% discount""). Whether the annual amount is billed upfront was not read from the page.",20000,AI messages,"Per month. 5 teammates, 5 custom emails, 50MB training data, 25 enabled AI actions.",,,no,https://weav.com/pricing,pricing_page,2026-09-24,ai-assisted,verified,yes,"The page states the allowance in AI messages but sells extra usage as credits, and does not define how one maps to the other, so no per-message cost is calculated."
Weav,Weav,AI customer support agent,Additional AI credits (add-on),usage-based,49,USD,"Per 1,000 credits. The page says additional credits roll over to the next month.",1000,credits,,0.049,"vendor-stated 49 per 1,000 credits / 1,000",no,https://weav.com/pricing,pricing_page,2026-09-24,ai-assisted,verified,yes,The page does not say how many AI messages one credit covers.
Weav,Weav,AI customer support agent,Custom plan,monthly,,USD,Custom plans for higher volume; talk to sales.,,AI messages,,,,no,https://weav.com/pricing,pricing_page,2026-09-24,ai-assisted,not_published,yes,
